name,dominant_color
Nike Dri-FIT Team (MLB Minnesota Twins),#717381
NFL Miami Dolphins (Mike Gesicki),#d0d5d8
Nike College (Oregon),#cfd3d0
Nike Therma Crucial Catch (NFL Miami Dolphins),#808182
Nike Sportswear Tech Fleece,#c4cad4
Nike Therma Lockup (NFL Kansas City Chiefs),#c1bdbd
Nike Dri-FIT Primetime Logo (MLB San Francisco Giants),#606062
Nike City Connect Wordmark (MLB Kansas City Royals),#888b96
Nike College Therma (Michigan State),#a9a9a8
Nike College Legacy91 (UNC),#cecece
Nike Rewind Playback Helmet (NFL Tennessee Titans),#787680
Denver Nuggets Nike x Filip Pagowski,#dfdddb
NFL Minnesota Vikings Nike Vapor Untouchable (Randy Moss),#9993ac
Nike College (Alabama),#a26a77
Nike,#b6b5b5
Nike Fury,#b6b7b7
Nike Myriad,#cececf
Nike Dri-FIT Crucial Catch (NFL Buffalo Bills),#7d7e7f
MLB Boston Red Sox,#8d8c94
MLB Arizona Diamondbacks City Connect,#cec7b5
Nike College Max 90 (Gonzaga),#d6d8df
Nike Therma Crucial Catch (NFL Atlanta Falcons),#808082
Nike Dri-FIT Sideline Velocity Lockup (NFL Buffalo Bills),#8897b3
Nike Dri-FIT Athletic Arch Jersey (NFL Pittsburgh Steelers),#7f7d7a
Sylvia Fowles Lynx Explorer Edition,#aeb2ba
Nike Dri-FIT City Connect Striped (MLB San Francisco Giants),#e7e8ed
Nike Team (NFL Buffalo Bills),#9a9699
Nike Heritage86 (MLB Yankees),#e7e7ea
Nike Essential,#dfdfdf
Nike,#cacaca
Heat Heritage86,#d2bcc0
Nike 8-Pound ,#9d9fa1
Nike College (Georgia),#b76f7a
Charlotte Hornets,#d3d6de
Nike College (Tennessee),#e8bb8c
Nike College Dri-FIT Coach (Duke),#6f7071
Nike Overview (MLB Philadelphia Phillies),#c99da5
Nike,#c1c1c1
Nike Dri-FIT Sideline Velocity Lockup (NFL Green Bay Packers),#8a908e
Team 31,#858587
Nike Dri-FIT (NFL San Francisco 49ers),#cfafb5
Nike Therma City Connect (MLB Boston Red Sox),#a8b3bb
MLB Boston Red Sox (Andrew Benintendi),#8d8c94
Nike Dri-FIT Stretch (NFL Chicago Bears),#62646c
Nike Dri-FIT (NFL Los Angeles Chargers),#a5b7d2
Nike Dri-FIT Infograph (NFL Buffalo Bills),#7e88b1
Sacramento Kings Icon Edition,#8c84a2
MLB Houston Astros,#8f8d93
Nike ACG AW84,#b9b9bb
Nike College Heritage86 (Texas),#dccbc4
New York Knicks,#b3b6c9
Nike College Dri-FIT (Michigan State),#c4c5c6
Nike Dri-FIT Crucial Catch (NFL Tampa Bay Buccaneers),#838485
Nike Zoned Support,#b1b1b2
Nike,#c9c9c9
Nike College Dri-FIT (UCLA),#889dc6
NFL Los Angeles Rams Nike Vapor Untouchable (Matthew Stafford),#dbdbdb
Nike Team First (MLB Houston Astros),#c18580
